{
  "lang":"en",
  "name":"pipeline",
  "version":"0.0.0",
  "spacy_version":">=3.0.3,<3.1.0",
  "description":"",
  "author":"",
  "email":"",
  "url":"",
  "license":"",
  "spacy_git_version":"f4f46b617",
  "vectors":{
    "width":0,
    "vectors":0,
    "keys":0,
    "name":null
  },
  "labels":{
    "tok2vec":[

    ],
    "ner":[
      "COURSE",
      "CREDIT",
      "EXTRA",
      "GRADE",
      "LEVEL"
    ],
    "parser":[
      "ROOT",
      "dep"
    ]
  },
  "pipeline":[
    "tok2vec",
    "ner",
    "parser"
  ],
  "components":[
    "tok2vec",
    "ner",
    "parser"
  ],
  "disabled":[

  ],
  "performance":{
    "ents_per_type":{
      "LEVEL":{
        "p":0.9113745981,
        "r":0.8035081502,
        "f":0.8540489642
      },
      "COURSE":{
        "p":0.8859284962,
        "r":0.900009442,
        "f":0.8929134596
      },
      "GRADE":{
        "p":0.9853650844,
        "r":0.9873113692,
        "f":0.9863372667
      },
      "CREDIT":{
        "p":0.9973800092,
        "r":0.9985935969,
        "f":0.9979864341
      },
      "EXTRA":{
        "p":0.6666666667,
        "r":0.0116959064,
        "f":0.0229885057
      }
    },
    "dep_uas":0.0,
    "dep_las_per_type":0.0,
    "sents_p":1.0,
    "sents_r":1.0,
    "ents_f":0.9555773114,
    "ents_p":0.9546621567,
    "ents_r":0.9564942224,
    "dep_las":0.0,
    "sents_f":1.0,
    "tok2vec_loss":22289.1652276165,
    "ner_loss":20777.9860090083,
    "parser_loss":0.0
  }
}