{
  "lang":"en",
  "name":"pipeline",
  "version":"0.0.0",
  "spacy_version":">=3.0.3,<3.1.0",
  "description":"",
  "author":"",
  "email":"",
  "url":"",
  "license":"",
  "spacy_git_version":"f4f46b617",
  "vectors":{
    "width":0,
    "vectors":0,
    "keys":0,
    "name":null
  },
  "labels":{
    "tok2vec":[

    ],
    "ner":[
      "COURSE",
      "CREDIT",
      "EXTRA",
      "GRADE",
      "LEVEL"
    ],
    "parser":[
      "ROOT",
      "dep"
    ]
  },
  "pipeline":[
    "tok2vec",
    "ner",
    "parser"
  ],
  "components":[
    "tok2vec",
    "ner",
    "parser"
  ],
  "disabled":[

  ],
  "performance":{
    "ents_per_type":{
      "LEVEL":{
        "p":0.9224952741,
        "r":0.7781715096,
        "f":0.8442095147
      },
      "COURSE":{
        "p":0.8926730515,
        "r":0.9020709407,
        "f":0.8973473908
      },
      "GRADE":{
        "p":0.9894845361,
        "r":0.9858102236,
        "f":0.9876439625
      },
      "CREDIT":{
        "p":0.9980885582,
        "r":0.9984197718,
        "f":0.9982541375
      },
      "EXTRA":{
        "p":0.9285714286,
        "r":0.0760233918,
        "f":0.1405405405
      }
    },
    "dep_uas":0.0,
    "dep_las_per_type":0.0,
    "sents_p":1.0,
    "sents_r":1.0,
    "ents_f":0.9573773676,
    "ents_p":0.9588109121,
    "ents_r":0.9559481034,
    "dep_las":0.0,
    "sents_f":1.0,
    "tok2vec_loss":21901.6820329351,
    "ner_loss":20852.3058887673,
    "parser_loss":0.0
  }
}